23,Return of The King,J.R.R Tolkien
23,Return of The King,J.R.R Tolkien
23,Return of The King,J.R.R Tolkien
23,Return of The King,J.R.R Tolkien
23,Return of The King,J.R.R Tolkien
23,Return of The King,J.R.R Tolkien
23,Return of The King,J.R.R Tolkien
23,Return of The King,J.R.R Tolkien
23,Return of The King,J.R.R Tolkien
23,Return of The King,J.R.R Tolkien
23,Return of The King,J.R.R Tolkien
23,Return of The King,J.R.R Tolkien
23,Return of The King,J.R.R Tolkien
23,Return of The King,J.R.R Tolkien
23,Return of The King,J.R.R Tolkien
23,Return of The King,J.R.R Tolkien
23,Return of The King,J.R.R Tolkien
23,Return of The King,J.R.R Tolkien
23,Return of The King,J.R.R Tolkien
23,Return of The King,J.R.R Tolkien
23,Return of The King,J.R.R Tolkien
23,Return of The King,J.R.R Tolkien
23,Return of The King,J.R.R Tolkien
23,Return of The King,J.R.R Tolkien
23,Return of The King,J.R.R Tolkien
23,Return of The King,J.R.R Tolkien
23,Return of The King,J.R.R Tolkien
23,Return of The King,J.R.R Tolkien
23,Return of The King,J.R.R Tolkien
23,Return of The King,J.R.R Tolkien
23,Return of The King,J.R.R Tolkien
23,Return of The King,J.R.R Tolkien
23,Return of The King,J.R.R Tolkien
23,Return of The King,J.R.R Tolkien
23,Return of The King,J.R.R Tolkien
23,Return of The King,J.R.R Tolkien
23,Return of The King,J.R.R Tolkien
23,Return of The King,J.R.R Tolkien
23,Return of The King,J.R.R Tolkien
23,Return of The King,J.R.R Tolkien
23,Return of The King,J.R.R Tolkien
23,Return of The King,J.R.R Tolkien
23,Return of The King,J.R.R Tolkien
23,Return of The King,J.R.R Tolkien
23,Return of The King,J.R.R Tolkien
23,Return of The King,J.R.R Tolkien
23,Return of The King,J.R.R Tolkien
23,Return of The King,J.R.R Tolkien
23,Return of The King,J.R.R Tolkien
23,Return of The King,J.R.R Tolkien
23,Return of The King,J.R.R Tolkien
23,Return of The King,J.R.R Tolkien
23,Return of The King,J.R.R Tolkien
23,Return of The King,J.R.R Tolkien
23,Return of The King,J.R.R Tolkien
23,Return of The King,J.R.R Tolkien
23,Return of The King,J.R.R Tolkien
23,Return of The King,J.R.R Tolkien
23,Return of The King,J.R.R Tolkien
23,Return of The King,J.R.R Tolkien
23,Return of The King,J.R.R Tolkien
23,Return of The King,J.R.R Tolkien
23,Return of The King,J.R.R Tolkien
23,Return of The King,J.R.R Tolkien
23,Return of The King,J.R.R Tolkien
23,Return of The King,J.R.R Tolkien
23,Return of The King,J.R.R Tolkien
23,Return of The King,J.R.R Tolkien
23,Return of The King,J.R.R Tolkien
23,Return of The King,J.R.R Tolkien
23,Return of The King,J.R.R Tolkien
23,Return of The King,J.R.R Tolkien
23,Return of The King,J.R.R Tolkien
23,Return of The King,J.R.R Tolkien
23,Return of The King,J.R.R Tolkien
23,Return of The King,J.R.R Tolkien
23,Return of The King,J.R.R Tolkien
23,Return of The King,J.R.R Tolkien
23,Return of The King,J.R.R Tolkien
23,Return of The King,J.R.R Tolkien
23,Return of The King,J.R.R Tolkien
23,Return of The King,J.R.R Tolkien
23,Return of The King,J.R.R Tolkien
23,Return of The King,J.R.R Tolkien
23,Return of The King,J.R.R Tolkien
23,Return of The King,J.R.R Tolkien
23,Return of The King,J.R.R Tolkien
23,Return of The King,J.R.R Tolkien
23,Return of The King,J.R.R Tolkien
23,Return of The King,J.R.R Tolkien
23,Return of The King,J.R.R Tolkien
23,Return of The King,J.R.R Tolkien
23,Return of The King,J.R.R Tolkien
23,Return of The King,J.R.R Tolkien
23,Return of The King,J.R.R Tolkien
23,Return of The King,J.R.R Tolkien
23,Return of The King,J.R.R Tolkien
23,Return of The King,J.R.R Tolkien
23,Return of The King,J.R.R Tolkien
23,Return of The King,J.R.R Tolkien
23,Return of The King,J.R.R Tolkien
23,Return of The King,J.R.R Tolkien
23,Return of The King,J.R.R Tolkien
23,Return of The King,J.R.R Tolkien
23,Return of The King,J.R.R Tolkien
23,Return of The King,J.R.R Tolkien
23,Return of The King,J.R.R Tolkien
23,Return of The King,J.R.R Tolkien
23,Return of The King,J.R.R Tolkien
23,Return of The King,J.R.R Tolkien
23,Return of The King,J.R.R Tolkien
23,Return of The King,J.R.R Tolkien
23,Return of The King,J.R.R Tolkien
23,Return of The King,J.R.R Tolkien
23,Return of The King,J.R.R Tolkien
23,Return of The King,J.R.R Tolkien
23,Return of The King,J.R.R Tolkien
23,Return of The King,J.R.R Tolkien
23,Return of The King,J.R.R Tolkien
23,Return of The King,J.R.R Tolkien
23,Return of The King,J.R.R Tolkien
23,Return of The King,J.R.R Tolkien
23,Return of The King,J.R.R Tolkien
23,Return of The King,J.R.R Tolkien
23,Return of The King,J.R.R Tolkien
23,Return of The King,J.R.R Tolkien
23,Return of The King,J.R.R Tolkien
23,Return of The King,J.R.R Tolkien
23,Return of The King,J.R.R Tolkien
23,Return of The King,J.R.R Tolkien
23,Return of The King,J.R.R Tolkien
23,Return of The King,J.R.R Tolkien
23,Return of The King,J.R.R Tolkien
23,Return of The King,J.R.R Tolkien
23,Return of The King,J.R.R Tolkien
23,Return of The King,J.R.R Tolkien
23,Return of The King,J.R.R Tolkien
23,Return of The King,J.R.R Tolkien
23,Return of The King,J.R.R Tolkien
23,Return of The King,J.R.R Tolkien
23,Return of The King,J.R.R Tolkien
23,Return of The King,J.R.R Tolkien
23,Return of The King,J.R.R Tolkien
23,Return of The King,J.R.R Tolkien
23,Return of The King,J.R.R Tolkien
23,Return of The King,J.R.R Tolkien
23,Return of The King,J.R.R Tolkien
23,Return of The King,J.R.R Tolkien
23,Return of The King,J.R.R Tolkien
23,Return of The King,J.R.R Tolkien
23,Return of The King,J.R.R Tolkien
23,Return of The King,J.R.R Tolkien
23,Return of The King,J.R.R Tolkien
23,Return of The King,J.R.R Tolkien
23,Return of The King,J.R.R Tolkien
23,Return of The King,J.R.R Tolkien
23,Return of The King,J.R.R Tolkien
23,Return of The King,J.R.R Tolkien
23,Return of The King,J.R.R Tolkien
23,Return of The King,J.R.R Tolkien
23,Return of The King,J.R.R Tolkien
23,Return of The King,J.R.R Tolkien
23,Return of The King,J.R.R Tolkien
23,Return of The King,J.R.R Tolkien
23,Return of The King,J.R.R Tolkien
23,Return of The King,J.R.R Tolkien
23,Return of The King,J.R.R Tolkien
23,Return of The King,J.R.R Tolkien
23,Return of The King,J.R.R Tolkien
23,Return of The King,J.R.R Tolkien
23,Return of The King,J.R.R Tolkien
23,Return of The King,J.R.R Tolkien
23,Return of The King,J.R.R Tolkien
23,Return of The King,J.R.R Tolkien
23,Return of The King,J.R.R Tolkien
23,Return of The King,J.R.R Tolkien
23,Return of The King,J.R.R Tolkien
23,Return of The King,J.R.R Tolkien
23,Return of The King,J.R.R Tolkien
23,Return of The King,J.R.R Tolkien
23,Return of The King,J.R.R Tolkien
23,Return of The King,J.R.R Tolkien
23,Return of The King,J.R.R Tolkien
23,Return of The King,J.R.R Tolkien
23,Return of The King,J.R.R Tolkien
23,Return of The King,J.R.R Tolkien
23,Return of The King,J.R.R Tolkien
23,Return of The King,J.R.R Tolkien
23,Return of The King,J.R.R Tolkien
23,Return of The King,J.R.R Tolkien
23,Return of The King,J.R.R Tolkien
23,Return of The King,J.R.R Tolkien
23,Return of The King,J.R.R Tolkien
23,Return of The King,J.R.R Tolkien
23,Return of The King,J.R.R Tolkien
23,Return of The King,J.R.R Tolkien
23,Return of The King,J.R.R Tolkien
23,Return of The King,J.R.R Tolkien
23,Return of The King,J.R.R Tolkien
23,Return of The King,J.R.R Tolkien
23,Return of The King,J.R.R Tolkien
23,Return of The King,J.R.R Tolkien
23,Return of The King,J.R.R Tolkien
23,Return of The King,J.R.R Tolkien
23,Return of The King,J.R.R Tolkien
23,Return of The King,J.R.R Tolkien
23,Return of The King,J.R.R Tolkien
23,Return of The King,J.R.R Tolkien
23,Return of The King,J.R.R Tolkien
23,Return of The King,J.R.R Tolkien
23,Return of The King,J.R.R Tolkien
23,Return of The King,J.R.R Tolkien
23,Return of The King,J.R.R Tolkien
23,Return of The King,J.R.R Tolkien
23,Return of The King,J.R.R Tolkien
23,Return of The King,J.R.R Tolkien
23,Return of The King,J.R.R Tolkien
23,Return of The King,J.R.R Tolkien
23,Return of The King,J.R.R Tolkien
23,Return of The King,J.R.R Tolkien
23,Return of The King,J.R.R Tolkien
23,Return of The King,J.R.R Tolkien
23,Return of The King,J.R.R Tolkien
23,Return of The King,J.R.R Tolkien
23,Return of The King,J.R.R Tolkien
23,Return of The King,J.R.R Tolkien
23,Return of The King,J.R.R Tolkien
23,Return of The King,J.R.R Tolkien
23,Return of The King,J.R.R Tolkien
23,Return of The King,J.R.R Tolkien
23,Return of The King,J.R.R Tolkien
23,Return of The King,J.R.R Tolkien
23,Return of The King,J.R.R Tolkien
23,Return of The King,J.R.R Tolkien
23,Return of The King,J.R.R Tolkien
23,Return of The King,J.R.R Tolkien
23,Return of The King,J.R.R Tolkien
23,Return of The King,J.R.R Tolkien
23,Return of The King,J.R.R Tolkien
23,Return of The King,J.R.R Tolkien
23,Return of The King,J.R.R Tolkien
23,Return of The King,J.R.R Tolkien
23,Return of The King,J.R.R Tolkien
23,Return of The King,J.R.R Tolkien
23,Return of The King,J.R.R Tolkien
23,Return of The King,J.R.R Tolkien
23,Return of The King,J.R.R Tolkien
23,Return of The King,J.R.R Tolkien
23,Return of The King,J.R.R Tolkien
23,Return of The King,J.R.R Tolkien
23,Return of The King,J.R.R Tolkien
23,Return of The King,J.R.R Tolkien
23,Return of The King,J.R.R Tolkien
23,Return of The King,J.R.R Tolkien
23,Return of The King,J.R.R Tolkien
23,Return of The King,J.R.R Tolkien
23,Return of The King,J.R.R Tolkien
23,Return of The King,J.R.R Tolkien
23,Return of The King,J.R.R Tolkien
23,Return of The King,J.R.R Tolkien
23,Return of The King,J.R.R Tolkien
23,Return of The King,J.R.R Tolkien
23,Return of The King,J.R.R Tolkien
23,Return of The King,J.R.R Tolkien
23,Return of The King,J.R.R Tolkien
23,Return of The King,J.R.R Tolkien
23,Return of The King,J.R.R Tolkien
23,Return of The King,J.R.R Tolkien
23,Return of The King,J.R.R Tolkien
23,Return of The King,J.R.R Tolkien
23,Return of The King,J.R.R Tolkien
23,Return of The King,J.R.R Tolkien
23,Return of The King,J.R.R Tolkien
23,Return of The King,J.R.R Tolkien
23,Return of The King,J.R.R Tolkien
23,Return of The King,J.R.R Tolkien
23,Return of The King,J.R.R Tolkien
23,Return of The King,J.R.R Tolkien
23,Return of The King,J.R.R Tolkien
23,Return of The King,J.R.R Tolkien
23,Return of The King,J.R.R Tolkien
23,Return of The King,J.R.R Tolkien
23,Return of The King,J.R.R Tolkien
23,Return of The King,J.R.R Tolkien
23,Return of The King,J.R.R Tolkien
23,Return of The King,J.R.R Tolkien
23,Return of The King,J.R.R Tolkien
23,Return of The King,J.R.R Tolkien
23,Return of The King,J.R.R Tolkien
23,Return of The King,J.R.R Tolkien
23,Return of The King,J.R.R Tolkien
23,Return of The King,J.R.R Tolkien
23,Return of The King,J.R.R Tolkien
23,Return of The King,J.R.R Tolkien
23,Return of The King,J.R.R Tolkien
23,Return of The King,J.R.R Tolkien
23,Return of The King,J.R.R Tolkien
23,Return of The King,J.R.R Tolkien
23,Return of The King,J.R.R Tolkien
23,Return of The King,J.R.R Tolkien
23,Return of The King,J.R.R Tolkien
23,Return of The King,J.R.R Tolkien
23,Return of The King,J.R.R Tolkien
23,Return of The King,J.R.R Tolkien
23,Return of The King,J.R.R Tolkien
23,Return of The King,J.R.R Tolkien
23,Return of The King,J.R.R Tolkien
23,Return of The King,J.R.R Tolkien
23,Return of The King,J.R.R Tolkien
23,Return of The King,J.R.R Tolkien
23,Return of The King,J.R.R Tolkien
23,Return of The King,J.R.R Tolkien
23,Return of The King,J.R.R Tolkien
23,Return of The King,J.R.R Tolkien
23,Return of The King,J.R.R Tolkien
23,Return of The King,J.R.R Tolkien
23,Return of The King,J.R.R Tolkien
23,Return of The King,J.R.R Tolkien
23,Return of The King,J.R.R Tolkien
23,Return of The King,J.R.R Tolkien
23,Return of The King,J.R.R Tolkien
23,Return of The King,J.R.R Tolkien
23,Return of The King,J.R.R Tolkien
23,Return of The King,J.R.R Tolkien
23,Return of The King,J.R.R Tolkien
23,Return of The King,J.R.R Tolkien
23,Return of The King,J.R.R Tolkien
23,Return of The King,J.R.R Tolkien
23,Return of The King,J.R.R Tolkien
23,Return of The King,J.R.R Tolkien
23,Return of The King,J.R.R Tolkien
23,Return of The King,J.R.R Tolkien
23,Return of The King,J.R.R Tolkien
23,Return of The King,J.R.R Tolkien
23,Return of The King,J.R.R Tolkien
23,Return of The King,J.R.R Tolkien
23,Return of The King,J.R.R Tolkien
23,Return of The King,J.R.R Tolkien
23,Return of The King,J.R.R Tolkien
23,Return of The King,J.R.R Tolkien
23,Return of The King,J.R.R Tolkien
23,Return of The King,J.R.R Tolkien
23,Return of The King,J.R.R Tolkien
23,Return of The King,J.R.R Tolkien
23,Return of The King,J.R.R Tolkien
23,Return of The King,J.R.R Tolkien
23,Return of The King,J.R.R Tolkien
23,Return of The King,J.R.R Tolkien
23,Return of The King,J.R.R Tolkien
23,Return of The King,J.R.R Tolkien
23,Return of The King,J.R.R Tolkien
23,Return of The King,J.R.R Tolkien
23,Return of The King,J.R.R Tolkien
23,Return of The King,J.R.R Tolkien
23,Return of The King,J.R.R Tolkien
23,Return of The King,J.R.R Tolkien
23,Return of The King,J.R.R Tolkien
23,Return of The King,J.R.R Tolkien
23,Return of The King,J.R.R Tolkien
23,Return of The King,J.R.R Tolkien
23,Return of The King,J.R.R Tolkien
23,Return of The King,J.R.R Tolkien
23,Return of The King,J.R.R Tolkien
23,Return of The King,J.R.R Tolkien
23,Return of The King,J.R.R Tolkien
23,Return of The King,J.R.R Tolkien
23,Return of The King,J.R.R Tolkien
23,Return of The King,J.R.R Tolkien
23,Return of The King,J.R.R Tolkien
23,Return of The King,J.R.R Tolkien
23,Return of The King,J.R.R Tolkien
23,Return of The King,J.R.R Tolkien
23,Return of The King,J.R.R Tolkien
23,Return of The King,J.R.R Tolkien
23,Return of The King,J.R.R Tolkien
23,Return of The King,J.R.R Tolkien
23,Return of The King,J.R.R Tolkien
23,Return of The King,J.R.R Tolkien
23,Return of The King,J.R.R Tolkien
23,Return of The King,J.R.R Tolkien
23,Return of The King,J.R.R Tolkien
23,Return of The King,J.R.R Tolkien
23,Return of The King,J.R.R Tolkien
23,Return of The King,J.R.R Tolkien
23,Return of The King,J.R.R Tolkien
23,Return of The King,J.R.R Tolkien
23,Return of The King,J.R.R Tolkien
23,Return of The King,J.R.R Tolkien
23,Return of The King,J.R.R Tolkien
23,Return of The King,J.R.R Tolkien
23,Return of The King,J.R.R Tolkien
23,Return of The King,J.R.R Tolkien
23,Return of The King,J.R.R Tolkien
23,Return of The King,J.R.R Tolkien
23,Return of The King,J.R.R Tolkien
23,Return of The King,J.R.R Tolkien
23,Return of The King,J.R.R Tolkien
23,Return of The King,J.R.R Tolkien
23,Return of The King,J.R.R Tolkien
23,Return of The King,J.R.R Tolkien
23,Return of The King,J.R.R Tolkien
23,Return of The King,J.R.R Tolkien
23,Return of The King,J.R.R Tolkien
23,Return of The King,J.R.R Tolkien
23,Return of The King,J.R.R Tolkien
23,Return of The King,J.R.R Tolkien
23,Return of The King,J.R.R Tolkien
23,Return of The King,J.R.R Tolkien
23,Return of The King,J.R.R Tolkien
23,Return of The King,J.R.R Tolkien
23,Return of The King,J.R.R Tolkien
23,Return of The King,J.R.R Tolkien
23,Return of The King,J.R.R Tolkien
23,Return of The King,J.R.R Tolkien
23,Return of The King,J.R.R Tolkien
23,Return of The King,J.R.R Tolkien
23,Return of The King,J.R.R Tolkien
23,Return of The King,J.R.R Tolkien
23,Return of The King,J.R.R Tolkien
23,Return of The King,J.R.R Tolkien
23,Return of The King,J.R.R Tolkien
23,Return of The King,J.R.R Tolkien
23,Return of The King,J.R.R Tolkien
23,Return of The King,J.R.R Tolkien
23,Return of The King,J.R.R Tolkien
23,Return of The King,J.R.R Tolkien
23,Return of The King,J.R.R Tolkien
23,Return of The King,J.R.R Tolkien
23,Return of The King,J.R.R Tolkien
23,Return of The King,J.R.R Tolkien
23,Return of The King,J.R.R Tolkien
23,Return of The King,J.R.R Tolkien
23,Return of The King,J.R.R Tolkien
23,Return of The King,J.R.R Tolkien
23,Return of The King,J.R.R Tolkien
23,Return of The King,J.R.R Tolkien
23,Return of The King,J.R.R Tolkien
23,Return of The King,J.R.R Tolkien
23,Return of The King,J.R.R Tolkien
23,Return of The King,J.R.R Tolkien
23,Return of The King,J.R.R Tolkien
23,Return of The King,J.R.R Tolkien
23,Return of The King,J.R.R Tolkien
23,Return of The King,J.R.R Tolkien
23,Return of The King,J.R.R Tolkien
23,Return of The King,J.R.R Tolkien
23,Return of The King,J.R.R Tolkien
23,Return of The King,J.R.R Tolkien
23,Return of The King,J.R.R Tolkien
23,Return of The King,J.R.R Tolkien
23,Return of The King,J.R.R Tolkien
23,Return of The King,J.R.R Tolkien
23,Return of The King,J.R.R Tolkien
23,Return of The King,J.R.R Tolkien
23,Return of The King,J.R.R Tolkien
23,Return of The King,J.R.R Tolkien
23,Return of The King,J.R.R Tolkien
23,Return of The King,J.R.R Tolkien
23,Return of The King,J.R.R Tolkien
23,Return of The King,J.R.R Tolkien
23,Return of The King,J.R.R Tolkien
23,Return of The King,J.R.R Tolkien
23,Return of The King,J.R.R Tolkien
23,Return of The King,J.R.R Tolkien
23,Return of The King,J.R.R Tolkien
23,Return of The King,J.R.R Tolkien
23,Return of The King,J.R.R Tolkien
23,Return of The King,J.R.R Tolkien
23,Return of The King,J.R.R Tolkien
23,Return of The King,J.R.R Tolkien
23,Return of The King,J.R.R Tolkien
23,Return of The King,J.R.R Tolkien
23,Return of The King,J.R.R Tolkien
23,Return of The King,J.R.R Tolkien
23,Return of The King,J.R.R Tolkien
23,Return of The King,J.R.R Tolkien
23,Return of The King,J.R.R Tolkien
23,Return of The King,J.R.R Tolkien
23,Return of The King,J.R.R Tolkien
23,Return of The King,J.R.R Tolkien
23,Return of The King,J.R.R Tolkien
23,Return of The King,J.R.R Tolkien
23,Return of The King,J.R.R Tolkien
23,Return of The King,J.R.R Tolkien
23,Return of The King,J.R.R Tolkien
23,Return of The King,J.R.R Tolkien
23,Return of The King,J.R.R Tolkien
23,Return of The King,J.R.R Tolkien
23,Return of The King,J.R.R Tolkien
23,Return of The King,J.R.R Tolkien
23,Return of The King,J.R.R Tolkien
23,Return of The King,J.R.R Tolkien
23,Return of The King,J.R.R Tolkien
23,Return of The King,J.R.R Tolkien
23,Return of The King,J.R.R Tolkien
23,Return of The King,J.R.R Tolkien
23,Return of The King,J.R.R Tolkien
23,Return of The King,J.R.R Tolkien
23,Return of The King,J.R.R Tolkien
23,Return of The King,J.R.R Tolkien
23,Return of The King,J.R.R Tolkien
23,Return of The King,J.R.R Tolkien
23,Return of The King,J.R.R Tolkien
23,Return of The King,J.R.R Tolkien
23,Return of The King,J.R.R Tolkien
23,Return of The King,J.R.R Tolkien
23,Return of The King,J.R.R Tolkien
23,Return of The King,J.R.R Tolkien
23,Return of The King,J.R.R Tolkien
23,Return of The King,J.R.R Tolkien
23,Return of The King,J.R.R Tolkien
23,Return of The King,J.R.R Tolkien
23,Return of The King,J.R.R Tolkien
23,Return of The King,J.R.R Tolkien
23,Return of The King,J.R.R Tolkien
23,Return of The King,J.R.R Tolkien
23,Return of The King,J.R.R Tolkien
23,Return of The King,J.R.R Tolkien
23,Return of The King,J.R.R Tolkien
23,Return of The King,J.R.R Tolkien
23,Return of The King,J.R.R Tolkien
23,Return of The King,J.R.R Tolkien
23,Return of The King,J.R.R Tolkien
23,Return of The King,J.R.R Tolkien
23,Return of The King,J.R.R Tolkien
23,Return of The King,J.R.R Tolkien
23,Return of The King,J.R.R Tolkien
23,Return of The King,J.R.R Tolkien
23,Return of The King,J.R.R Tolkien
23,Return of The King,J.R.R Tolkien
23,Return of The King,J.R.R Tolkien
23,Return of The King,J.R.R Tolkien
23,Return of The King,J.R.R Tolkien
23,Return of The King,J.R.R Tolkien
23,Return of The King,J.R.R Tolkien
23,Return of The King,J.R.R Tolkien
23,Return of The King,J.R.R Tolkien
23,Return of The King,J.R.R Tolkien
23,Return of The King,J.R.R Tolkien
23,Return of The King,J.R.R Tolkien
23,Return of The King,J.R.R Tolkien
23,Return of The King,J.R.R Tolkien
23,Return of The King,J.R.R Tolkien
23,Return of The King,J.R.R Tolkien
23,Return of The King,J.R.R Tolkien
23,Return of The King,J.R.R Tolkien
23,Return of The King,J.R.R Tolkien
23,Return of The King,J.R.R Tolkien
23,Return of The King,J.R.R Tolkien
23,Return of The King,J.R.R Tolkien
23,Return of The King,J.R.R Tolkien
23,Return of The King,J.R.R Tolkien
23,Return of The King,J.R.R Tolkien
23,Return of The King,J.R.R Tolkien
23,Return of The King,J.R.R Tolkien
23,Return of The King,J.R.R Tolkien
23,Return of The King,J.R.R Tolkien
23,Return of The King,J.R.R Tolkien
23,Return of The King,J.R.R Tolkien
23,Return of The King,J.R.R Tolkien
23,Return of The King,J.R.R Tolkien
23,Return of The King,J.R.R Tolkien
23,Return of The King,J.R.R Tolkien
23,Return of The King,J.R.R Tolkien
23,Return of The King,J.R.R Tolkien
23,Return of The King,J.R.R Tolkien
23,Return of The King,J.R.R Tolkien
23,Return of The King,J.R.R Tolkien
23,Return of The King,J.R.R Tolkien
23,Return of The King,J.R.R Tolkien
23,Return of The King,J.R.R Tolkien
23,Return of The King,J.R.R Tolkien
23,Return of The King,J.R.R Tolkien
23,Return of The King,J.R.R Tolkien
23,Return of The King,J.R.R Tolkien
23,Return of The King,J.R.R Tolkien
23,Return of The King,J.R.R Tolkien
23,Return of The King,J.R.R Tolkien
23,Return of The King,J.R.R Tolkien
23,Return of The King,J.R.R Tolkien
23,Return of The King,J.R.R Tolkien
23,Return of The King,J.R.R Tolkien
23,Return of The King,J.R.R Tolkien
23,Return of The King,J.R.R Tolkien
23,Return of The King,J.R.R Tolkien
23,Return of The King,J.R.R Tolkien
23,Return of The King,J.R.R Tolkien
23,Return of The King,J.R.R Tolkien
23,Return of The King,J.R.R Tolkien
23,Return of The King,J.R.R Tolkien
23,Return of The King,J.R.R Tolkien
23,Return of The King,J.R.R Tolkien
23,Return of The King,J.R.R Tolkien
23,Return of The King,J.R.R Tolkien
23,Return of The King,J.R.R Tolkien
23,Return of The King,J.R.R Tolkien
23,Return of The King,J.R.R Tolkien
23,Return of The King,J.R.R Tolkien
23,Return of The King,J.R.R Tolkien
23,Return of The King,J.R.R Tolkien
23,Return of The King,J.R.R Tolkien
23,Return of The King,J.R.R Tolkien
23,Return of The King,J.R.R Tolkien
23,Return of The King,J.R.R Tolkien
23,Return of The King,J.R.R Tolkien
23,Return of The King,J.R.R Tolkien
23,Return of The King,J.R.R Tolkien
23,Return of The King,J.R.R Tolkien
23,Return of The King,J.R.R Tolkien
23,Return of The King,J.R.R Tolkien
23,Return of The King,J.R.R Tolkien
23,Return of The King,J.R.R Tolkien
23,Return of The King,J.R.R Tolkien
23,Return of The King,J.R.R Tolkien
23,Return of The King,J.R.R Tolkien
23,Return of The King,J.R.R Tolkien
23,Return of The King,J.R.R Tolkien
23,Return of The King,J.R.R Tolkien
23,Return of The King,J.R.R Tolkien
23,Return of The King,J.R.R Tolkien
23,Return of The King,J.R.R Tolkien
23,Return of The King,J.R.R Tolkien
23,Return of The King,J.R.R Tolkien
23,Return of The King,J.R.R Tolkien
23,Return of The King,J.R.R Tolkien
23,Return of The King,J.R.R Tolkien
23,Return of The King,J.R.R Tolkien
23,Return of The King,J.R.R Tolkien
23,Return of The King,J.R.R Tolkien
23,Return of The King,J.R.R Tolkien
23,Return of The King,J.R.R Tolkien
23,Return of The King,J.R.R Tolkien
23,Return of The King,J.R.R Tolkien
23,Return of The King,J.R.R Tolkien
23,Return of The King,J.R.R Tolkien
23,Return of The King,J.R.R Tolkien
23,Return of The King,J.R.R Tolkien
23,Return of The King,J.R.R Tolkien
23,Return of The King,J.R.R Tolkien
23,Return of The King,J.R.R Tolkien
23,Return of The King,J.R.R Tolkien
23,Return of The King,J.R.R Tolkien
23,Return of The King,J.R.R Tolkien
23,Return of The King,J.R.R Tolkien
23,Return of The King,J.R.R Tolkien
23,Return of The King,J.R.R Tolkien
23,Return of The King,J.R.R Tolkien
23,Return of The King,J.R.R Tolkien
23,Return of The King,J.R.R Tolkien
23,Return of The King,J.R.R Tolkien
23,Return of The King,J.R.R Tolkien
23,Return of The King,J.R.R Tolkien
23,Return of The King,J.R.R Tolkien
23,Return of The King,J.R.R Tolkien
23,Return of The King,J.R.R Tolkien
23,Return of The King,J.R.R Tolkien
23,Return of The King,J.R.R Tolkien
23,Return of The King,J.R.R Tolkien
23,Return of The King,J.R.R Tolkien
23,Return of The King,J.R.R Tolkien
23,Return of The King,J.R.R Tolkien
23,Return of The King,J.R.R Tolkien
23,Return of The King,J.R.R Tolkien
23,Return of The King,J.R.R Tolkien
23,Return of The King,J.R.R Tolkien
23,Return of The King,J.R.R Tolkien
23,Return of The King,J.R.R Tolkien
23,Return of The King,J.R.R Tolkien
23,Return of The King,J.R.R Tolkien
23,Return of The King,J.R.R Tolkien
23,Return of The King,J.R.R Tolkien
23,Return of The King,J.R.R Tolkien
23,Return of The King,J.R.R Tolkien
23,Return of The King,J.R.R Tolkien
23,Return of The King,J.R.R Tolkien
23,Return of The King,J.R.R Tolkien
23,Return of The King,J.R.R Tolkien
23,Return of The King,J.R.R Tolkien
23,Return of The King,J.R.R Tolkien
23,Return of The King,J.R.R Tolkien
23,Return of The King,J.R.R Tolkien
23,Return of The King,J.R.R Tolkien
23,Return of The King,J.R.R Tolkien
23,Return of The King,J.R.R Tolkien
23,Return of The King,J.R.R Tolkien
23,Return of The King,J.R.R Tolkien
23,Return of The King,J.R.R Tolkien
23,Return of The King,J.R.R Tolkien
23,Return of The King,J.R.R Tolkien
23,Return of The King,J.R.R Tolkien
23,Return of The King,J.R.R Tolkien
23,Return of The King,J.R.R Tolkien
23,Return of The King,J.R.R Tolkien
23,Return of The King,J.R.R Tolkien
23,Return of The King,J.R.R Tolkien
23,Return of The King,J.R.R Tolkien
23,Return of The King,J.R.R Tolkien
23,Return of The King,J.R.R Tolkien
23,Return of The King,J.R.R Tolkien
23,Return of The King,J.R.R Tolkien
23,Return of The King,J.R.R Tolkien
23,Return of The King,J.R.R Tolkien
23,Return of The King,J.R.R Tolkien
23,Return of The King,J.R.R Tolkien
23,Return of The King,J.R.R Tolkien
23,Return of The King,J.R.R Tolkien
23,Return of The King,J.R.R Tolkien
23,Return of The King,J.R.R Tolkien
23,Return of The King,J.R.R Tolkien
23,Return of The King,J.R.R Tolkien
23,Return of The King,J.R.R Tolkien
23,Return of The King,J.R.R Tolkien
23,Return of The King,J.R.R Tolkien
23,Return of The King,J.R.R Tolkien
23,Return of The King,J.R.R Tolkien
23,Return of The King,J.R.R Tolkien
23,Return of The King,J.R.R Tolkien
23,Return of The King,J.R.R Tolkien
23,Return of The King,J.R.R Tolkien
23,Return of The King,J.R.R Tolkien
23,Return of The King,J.R.R Tolkien
23,Return of The King,J.R.R Tolkien
23,Return of The King,J.R.R Tolkien
23,Return of The King,J.R.R Tolkien
23,Return of The King,J.R.R Tolkien
23,Return of The King,J.R.R Tolkien
23,Return of The King,J.R.R Tolkien
23,Return of The King,J.R.R Tolkien
23,Return of The King,J.R.R Tolkien
23,Return of The King,J.R.R Tolkien
23,Return of The King,J.R.R Tolkien
23,Return of The King,J.R.R Tolkien
23,Return of The King,J.R.R Tolkien
23,Return of The King,J.R.R Tolkien
23,Return of The King,J.R.R Tolkien
23,Return of The King,J.R.R Tolkien
23,Return of The King,J.R.R Tolkien
23,Return of The King,J.R.R Tolkien
23,Return of The King,J.R.R Tolkien
23,Return of The King,J.R.R Tolkien
23,Return of The King,J.R.R Tolkien
23,Return of The King,J.R.R Tolkien
23,Return of The King,J.R.R Tolkien
23,Return of The King,J.R.R Tolkien
23,Return of The King,J.R.R Tolkien
23,Return of The King,J.R.R Tolkien
23,Return of The King,J.R.R Tolkien
23,Return of The King,J.R.R Tolkien
23,Return of The King,J.R.R Tolkien
23,Return of The King,J.R.R Tolkien
23,Return of The King,J.R.R Tolkien
23,Return of The King,J.R.R Tolkien
23,Return of The King,J.R.R Tolkien
23,Return of The King,J.R.R Tolkien
23,Return of The King,J.R.R Tolkien
23,Return of The King,J.R.R Tolkien
23,Return of The King,J.R.R Tolkien
23,Return of The King,J.R.R Tolkien
23,Return of The King,J.R.R Tolkien
23,Return of The King,J.R.R Tolkien
23,Return of The King,J.R.R Tolkien
23,Return of The King,J.R.R Tolkien
23,Return of The King,J.R.R Tolkien
23,Return of The King,J.R.R Tolkien
23,Return of The King,J.R.R Tolkien
23,Return of The King,J.R.R Tolkien
23,Return of The King,J.R.R Tolkien
23,Return of The King,J.R.R Tolkien
23,Return of The King,J.R.R Tolkien
23,Return of The King,J.R.R Tolkien
23,Return of The King,J.R.R Tolkien
23,Return of The King,J.R.R Tolkien
23,Return of The King,J.R.R Tolkien
23,Return of The King,J.R.R Tolkien
23,Return of The King,J.R.R Tolkien
23,Return of The King,J.R.R Tolkien
23,Return of The King,J.R.R Tolkien
23,Return of The King,J.R.R Tolkien
23,Return of The King,J.R.R Tolkien
23,Return of The King,J.R.R Tolkien
23,Return of The King,J.R.R Tolkien
23,Return of The King,J.R.R Tolkien
23,Return of The King,J.R.R Tolkien
23,Return of The King,J.R.R Tolkien
23,Return of The King,J.R.R Tolkien
23,Return of The King,J.R.R Tolkien
23,Return of The King,J.R.R Tolkien
23,Return of The King,J.R.R Tolkien
23,Return of The King,J.R.R Tolkien
23,Return of The King,J.R.R Tolkien
23,Return of The King,J.R.R Tolkien
23,Return of The King,J.R.R Tolkien
23,Return of The King,J.R.R Tolkien
23,Return of The King,J.R.R Tolkien
23,Return of The King,J.R.R Tolkien
23,Return of The King,J.R.R Tolkien
23,Return of The King,J.R.R Tolkien
23,Return of The King,J.R.R Tolkien
23,Return of The King,J.R.R Tolkien
23,Return of The King,J.R.R Tolkien
23,Return of The King,J.R.R Tolkien
23,Return of The King,J.R.R Tolkien
23,Return of The King,J.R.R Tolkien
23,Return of The King,J.R.R Tolkien
23,Return of The King,J.R.R Tolkien
23,Return of The King,J.R.R Tolkien
23,Return of The King,J.R.R Tolkien
23,Return of The King,J.R.R Tolkien
23,Return of The King,J.R.R Tolkien
23,Return of The King,J.R.R Tolkien
23,Return of The King,J.R.R Tolkien
23,Return of The King,J.R.R Tolkien
23,Return of The King,J.R.R Tolkien
23,Return of The King,J.R.R Tolkien
23,Return of The King,J.R.R Tolkien
23,Return of The King,J.R.R Tolkien
23,Return of The King,J.R.R Tolkien
23,Return of The King,J.R.R Tolkien
23,Return of The King,J.R.R Tolkien
23,Return of The King,J.R.R Tolkien
23,Return of The King,J.R.R Tolkien
23,Return of The King,J.R.R Tolkien
23,Return of The King,J.R.R Tolkien
23,Return of The King,J.R.R Tolkien
23,Return of The King,J.R.R Tolkien
23,Return of The King,J.R.R Tolkien
23,Return of The King,J.R.R Tolkien
23,Return of The King,J.R.R Tolkien
23,Return of The King,J.R.R Tolkien
23,Return of The King,J.R.R Tolkien
23,Return of The King,J.R.R Tolkien
23,Return of The King,J.R.R Tolkien
23,Return of The King,J.R.R Tolkien
23,Return of The King,J.R.R Tolkien
23,Return of The King,J.R.R Tolkien
23,Return of The King,J.R.R Tolkien
23,Return of The King,J.R.R Tolkien
23,Return of The King,J.R.R Tolkien
23,Return of The King,J.R.R Tolkien
23,Return of The King,J.R.R Tolkien
23,Return of The King,J.R.R Tolkien
23,Return of The King,J.R.R Tolkien
23,Return of The King,J.R.R Tolkien
23,Return of The King,J.R.R Tolkien
23,Return of The King,J.R.R Tolkien
23,Return of The King,J.R.R Tolkien
23,Return of The King,J.R.R Tolkien
23,Return of The King,J.R.R Tolkien
23,Return of The King,J.R.R Tolkien
23,Return of The King,J.R.R Tolkien
23,Return of The King,J.R.R Tolkien
23,Return of The King,J.R.R Tolkien
23,Return of The King,J.R.R Tolkien
23,Return of The King,J.R.R Tolkien
23,Return of The King,J.R.R Tolkien
23,Return of The King,J.R.R Tolkien
23,Return of The King,J.R.R Tolkien
23,Return of The King,J.R.R Tolkien
23,Return of The King,J.R.R Tolkien
23,Return of The King,J.R.R Tolkien
23,Return of The King,J.R.R Tolkien
23,Return of The King,J.R.R Tolkien
23,Return of The King,J.R.R Tolkien
23,Return of The King,J.R.R Tolkien
23,Return of The King,J.R.R Tolkien
23,Return of The King,J.R.R Tolkien
23,Return of The King,J.R.R Tolkien
23,Return of The King,J.R.R Tolkien
23,Return of The King,J.R.R Tolkien
23,Return of The King,J.R.R Tolkien
23,Return of The King,J.R.R Tolkien
23,Return of The King,J.R.R Tolkien
23,Return of The King,J.R.R Tolkien
23,Return of The King,J.R.R Tolkien
23,Return of The King,J.R.R Tolkien
23,Return of The King,J.R.R Tolkien
23,Return of The King,J.R.R Tolkien
23,Return of The King,J.R.R Tolkien
23,Return of The King,J.R.R Tolkien
23,Return of The King,J.R.R Tolkien
23,Return of The King,J.R.R Tolkien
23,Return of The King,J.R.R Tolkien
23,Return of The King,J.R.R Tolkien
23,Return of The King,J.R.R Tolkien
23,Return of The King,J.R.R Tolkien
23,Return of The King,J.R.R Tolkien
23,Return of The King,J.R.R Tolkien
23,Return of The King,J.R.R Tolkien
23,Return of The King,J.R.R Tolkien
23,Return of The King,J.R.R Tolkien
23,Return of The King,J.R.R Tolkien
23,Return of The King,J.R.R Tolkien
23,Return of The King,J.R.R Tolkien
23,Return of The King,J.R.R Tolkien
23,Return of The King,J.R.R Tolkien
23,Return of The King,J.R.R Tolkien
23,Return of The King,J.R.R Tolkien
23,Return of The King,J.R.R Tolkien
23,Return of The King,J.R.R Tolkien
23,Return of The King,J.R.R Tolkien
23,Return of The King,J.R.R Tolkien
23,Return of The King,J.R.R Tolkien
23,Return of The King,J.R.R Tolkien
23,Return of The King,J.R.R Tolkien
23,Return of The King,J.R.R Tolkien
23,Return of The King,J.R.R Tolkien
23,Return of The King,J.R.R Tolkien
23,Return of The King,J.R.R Tolkien
23,Return of The King,J.R.R Tolkien
23,Return of The King,J.R.R Tolkien
23,Return of The King,J.R.R Tolkien
23,Return of The King,J.R.R Tolkien
23,Return of The King,J.R.R Tolkien
23,Return of The King,J.R.R Tolkien
23,Return of The King,J.R.R Tolkien
23,Return of The King,J.R.R Tolkien
23,Return of The King,J.R.R Tolkien
23,Return of The King,J.R.R Tolkien
23,Return of The King,J.R.R Tolkien
23,Return of The King,J.R.R Tolkien
23,Return of The King,J.R.R Tolkien
23,Return of The King,J.R.R Tolkien
23,Return of The King,J.R.R Tolkien
23,Return of The King,J.R.R Tolkien
23,Return of The King,J.R.R Tolkien
23,Return of The King,J.R.R Tolkien
23,Return of The King,J.R.R Tolkien
23,Return of The King,J.R.R Tolkien
23,Return of The King,J.R.R Tolkien
23,Return of The King,J.R.R Tolkien
23,Return of The King,J.R.R Tolkien
23,Return of The King,J.R.R Tolkien
23,Return of The King,J.R.R Tolkien
23,Return of The King,J.R.R Tolkien
23,Return of The King,J.R.R Tolkien
23,Return of The King,J.R.R Tolkien
23,Return of The King,J.R.R Tolkien
23,Return of The King,J.R.R Tolkien
23,Return of The King,J.R.R Tolkien
23,Return of The King,J.R.R Tolkien
23,Return of The King,J.R.R Tolkien
23,Return of The King,J.R.R Tolkien
23,Return of The King,J.R.R Tolkien
23,Return of The King,J.R.R Tolkien
23,Return of The King,J.R.R Tolkien
23,Return of The King,J.R.R Tolkien
23,Return of The King,J.R.R Tolkien
23,Return of The King,J.R.R Tolkien
23,Return of The King,J.R.R Tolkien
23,Return of The King,J.R.R Tolkien
23,Return of The King,J.R.R Tolkien
23,Return of The King,J.R.R Tolkien
23,Return of The King,J.R.R Tolkien
23,Return of The King,J.R.R Tolkien
23,Return of The King,J.R.R Tolkien
23,Return of The King,J.R.R Tolkien
23,Return of The King,J.R.R Tolkien
23,Return of The King,J.R.R Tolkien
23,Return of The King,J.R.R Tolkien
23,Return of The King,J.R.R Tolkien
23,Return of The King,J.R.R Tolkien
23,Return of The King,J.R.R Tolkien
23,Return of The King,J.R.R Tolkien
23,Return of The King,J.R.R Tolkien
23,Return of The King,J.R.R Tolkien
23,Return of The King,J.R.R Tolkien
23,Return of The King,J.R.R Tolkien
23,Return of The King,J.R.R Tolkien
23,Return of The King,J.R.R Tolkien
23,Return of The King,J.R.R Tolkien
23,Return of The King,J.R.R Tolkien
23,Return of The King,J.R.R Tolkien
23,Return of The King,J.R.R Tolkien
23,Return of The King,J.R.R Tolkien
23,Return of The King,J.R.R Tolkien
23,Return of The King,J.R.R Tolkien
23,Return of The King,J.R.R Tolkien
23,Return of The King,J.R.R Tolkien
23,Return of The King,J.R.R Tolkien
23,Return of The King,J.R.R Tolkien
23,Return of The King,J.R.R Tolkien
23,Return of The King,J.R.R Tolkien
23,Return of The King,J.R.R Tolkien
23,Return of The King,J.R.R Tolkien
23,Return of The King,J.R.R Tolkien
23,Return of The King,J.R.R Tolkien
23,Return of The King,J.R.R Tolkien
23,Return of The King,J.R.R Tolkien
23,Return of The King,J.R.R Tolkien
23,Return of The King,J.R.R Tolkien
23,Return of The King,J.R.R Tolkien
23,Return of The King,J.R.R Tolkien
23,Return of The King,J.R.R Tolkien
23,Return of The King,J.R.R Tolkien
23,Return of The King,J.R.R Tolkien
23,Return of The King,J.R.R Tolkien
23,Return of The King,J.R.R Tolkien
23,Return of The King,J.R.R Tolkien
23,Return of The King,J.R.R Tolkien
23,Return of The King,J.R.R Tolkien
23,Return of The King,J.R.R Tolkien
23,Return of The King,J.R.R Tolkien
23,Return of The King,J.R.R Tolkien
23,Return of The King,J.R.R Tolkien
23,Return of The King,J.R.R Tolkien
23,Return of The King,J.R.R Tolkien
23,Return of The King,J.R.R Tolkien
23,Return of The King,J.R.R Tolkien
23,Return of The King,J.R.R Tolkien
23,Return of The King,J.R.R Tolkien
23,Return of The King,J.R.R Tolkien
23,Return of The King,J.R.R Tolkien
23,Return of The King,J.R.R Tolkien
23,Return of The King,J.R.R Tolkien
23,Return of The King,J.R.R Tolkien
23,Return of The King,J.R.R Tolkien
23,Return of The King,J.R.R Tolkien
23,Return of The King,J.R.R Tolkien
23,Return of The King,J.R.R Tolkien
23,Return of The King,J.R.R Tolkien
23,Return of The King,J.R.R Tolkien
23,Return of The King,J.R.R Tolkien
23,Return of The King,J.R.R Tolkien
23,Return of The King,J.R.R Tolkien
23,Return of The King,J.R.R Tolkien
23,Return of The King,J.R.R Tolkien
23,Return of The King,J.R.R Tolkien
23,Return of The King,J.R.R Tolkien
23,Return of The King,J.R.R Tolkien
23,Return of The King,J.R.R Tolkien
23,Return of The King,J.R.R Tolkien
23,Return of The King,J.R.R Tolkien
23,Return of The King,J.R.R Tolkien
23,Return of The King,J.R.R Tolkien
23,Return of The King,J.R.R Tolkien
23,Return of The King,J.R.R Tolkien
23,Return of The King,J.R.R Tolkien
23,Return of The King,J.R.R Tolkien
23,Return of The King,J.R.R Tolkien
23,Return of The King,J.R.R Tolkien
23,Return of The King,J.R.R Tolkien
23,Return of The King,J.R.R Tolkien
23,Return of The King,J.R.R Tolkien
23,Return of The King,J.R.R Tolkien
23,Return of The King,J.R.R Tolkien
23,Return of The King,J.R.R Tolkien
23,Return of The King,J.R.R Tolkien
23,Return of The King,J.R.R Tolkien
23,Return of The King,J.R.R Tolkien
23,Return of The King,J.R.R Tolkien
23,Return of The King,J.R.R Tolkien
23,Return of The King,J.R.R Tolkien
23,Return of The King,J.R.R Tolkien
23,Return of The King,J.R.R Tolkien
23,Return of The King,J.R.R Tolkien
23,Return of The King,J.R.R Tolkien
23,Return of The King,J.R.R Tolkien
23,Return of The King,J.R.R Tolkien
23,Return of The King,J.R.R Tolkien
23,Return of The King,J.R.R Tolkien
23,Return of The King,J.R.R Tolkien
23,Return of The King,J.R.R Tolkien
23,Return of The King,J.R.R Tolkien
23,Return of The King,J.R.R Tolkien
23,Return of The King,J.R.R Tolkien
23,Return of The King,J.R.R Tolkien
23,Return of The King,J.R.R Tolkien
23,Return of The King,J.R.R Tolkien
23,Return of The King,J.R.R Tolkien
23,Return of The King,J.R.R Tolkien
23,Return of The King,J.R.R Tolkien
23,Return of The King,J.R.R Tolkien
23,Return of The King,J.R.R Tolkien
23,Return of The King,J.R.R Tolkien
23,Return of The King,J.R.R Tolkien
23,Return of The King,J.R.R Tolkien
23,Return of The King,J.R.R Tolkien
23,Return of The King,J.R.R Tolkien
23,Return of The King,J.R.R Tolkien
23,Return of The King,J.R.R Tolkien
23,Return of The King,J.R.R Tolkien
23,Return of The King,J.R.R Tolkien
23,Return of The King,J.R.R Tolkien
23,Return of The King,J.R.R Tolkien
23,Return of The King,J.R.R Tolkien
23,Return of The King,J.R.R Tolkien
23,Return of The King,J.R.R Tolkien
23,Return of The King,J.R.R Tolkien
23,Return of The King,J.R.R Tolkien
23,Return of The King,J.R.R Tolkien
23,Return of The King,J.R.R Tolkien
23,Return of The King,J.R.R Tolkien
23,Return of The King,J.R.R Tolkien
23,Return of The King,J.R.R Tolkien
23,Return of The King,J.R.R Tolkien
23,Return of The King,J.R.R Tolkien
23,Return of The King,J.R.R Tolkien
23,Return of The King,J.R.R Tolkien
23,Return of The King,J.R.R Tolkien
23,Return of The King,J.R.R Tolkien
23,Return of The King,J.R.R Tolkien
23,Return of The King,J.R.R Tolkien
23,Return of The King,J.R.R Tolkien
23,Return of The King,J.R.R Tolkien
23,Return of The King,J.R.R Tolkien
23,Return of The King,J.R.R Tolkien
23,Return of The King,J.R.R Tolkien
23,Return of The King,J.R.R Tolkien
23,Return of The King,J.R.R Tolkien
23,Return of The King,J.R.R Tolkien
23,Return of The King,J.R.R Tolkien
23,Return of The King,J.R.R Tolkien
23,Return of The King,J.R.R Tolkien
23,Return of The King,J.R.R Tolkien
23,Return of The King,J.R.R Tolkien
23,Return of The King,J.R.R Tolkien
23,Return of The King,J.R.R Tolkien
23,Return of The King,J.R.R Tolkien
23,Return of The King,J.R.R Tolkien
23,Return of The King,J.R.R Tolkien
23,Return of The King,J.R.R Tolkien
23,Return of The King,J.R.R Tolkien
23,Return of The King,J.R.R Tolkien
23,Return of The King,J.R.R Tolkien
23,Return of The King,J.R.R Tolkien
23,Return of The King,J.R.R Tolkien
23,Return of The King,J.R.R Tolkien
23,Return of The King,J.R.R Tolkien
23,Return of The King,J.R.R Tolkien
23,Return of The King,J.R.R Tolkien
23,Return of The King,J.R.R Tolkien
23,Return of The King,J.R.R Tolkien
23,Return of The King,J.R.R Tolkien
23,Return of The King,J.R.R Tolkien
23,Return of The King,J.R.R Tolkien
23,Return of The King,J.R.R Tolkien
23,Return of The King,J.R.R Tolkien
23,Return of The King,J.R.R Tolkien
23,Return of The King,J.R.R Tolkien
23,Return of The King,J.R.R Tolkien
23,Return of The King,J.R.R Tolkien
23,Return of The King,J.R.R Tolkien
23,Return of The King,J.R.R Tolkien
23,Return of The King,J.R.R Tolkien
23,Return of The King,J.R.R Tolkien
23,Return of The King,J.R.R Tolkien
23,Return of The King,J.R.R Tolkien
23,Return of The King,J.R.R Tolkien
23,Return of The King,J.R.R Tolkien
23,Return of The King,J.R.R Tolkien
23,Return of The King,J.R.R Tolkien
23,Return of The King,J.R.R Tolkien
23,Return of The King,J.R.R Tolkien
23,Return of The King,J.R.R Tolkien
23,Return of The King,J.R.R Tolkien
23,Return of The King,J.R.R Tolkien
23,Return of The King,J.R.R Tolkien
23,Return of The King,J.R.R Tolkien
23,Return of The King,J.R.R Tolkien
23,Return of The King,J.R.R Tolkien
23,Return of The King,J.R.R Tolkien
23,Return of The King,J.R.R Tolkien
23,Return of The King,J.R.R Tolkien
23,Return of The King,J.R.R Tolkien
23,Return of The King,J.R.R Tolkien
23,Return of The King,J.R.R Tolkien
23,Return of The King,J.R.R Tolkien
23,Return of The King,J.R.R Tolkien
23,Return of The King,J.R.R Tolkien
23,Return of The King,J.R.R Tolkien
23,Return of The King,J.R.R Tolkien
23,Return of The King,J.R.R Tolkien
23,Return of The King,J.R.R Tolkien
23,Return of The King,J.R.R Tolkien
23,Return of The King,J.R.R Tolkien
23,Return of The King,J.R.R Tolkien
23,Return of The King,J.R.R Tolkien
23,Return of The King,J.R.R Tolkien
23,Return of The King,J.R.R Tolkien
23,Return of The King,J.R.R Tolkien
23,Return of The King,J.R.R Tolkien
23,Return of The King,J.R.R Tolkien
23,Return of The King,J.R.R Tolkien
23,Return of The King,J.R.R Tolkien
23,Return of The King,J.R.R Tolkien
23,Return of The King,J.R.R Tolkien
23,Return of The King,J.R.R Tolkien
23,Return of The King,J.R.R Tolkien
23,Return of The King,J.R.R Tolkien
23,Return of The King,J.R.R Tolkien
23,Return of The King,J.R.R Tolkien
23,Return of The King,J.R.R Tolkien
23,Return of The King,J.R.R Tolkien
23,Return of The King,J.R.R Tolkien
23,Return of The King,J.R.R Tolkien
23,Return of The King,J.R.R Tolkien
23,Return of The King,J.R.R Tolkien
23,Return of The King,J.R.R Tolkien
23,Return of The King,J.R.R Tolkien
23,Return of The King,J.R.R Tolkien
23,Return of The King,J.R.R Tolkien
23,Return of The King,J.R.R Tolkien
23,Return of The King,J.R.R Tolkien
23,Return of The King,J.R.R Tolkien
23,Return of The King,J.R.R Tolkien
23,Return of The King,J.R.R Tolkien
23,Return of The King,J.R.R Tolkien
23,Return of The King,J.R.R Tolkien
23,Return of The King,J.R.R Tolkien
23,Return of The King,J.R.R Tolkien
23,Return of The King,J.R.R Tolkien
23,Return of The King,J.R.R Tolkien
23,Return of The King,J.R.R Tolkien
23,Return of The King,J.R.R Tolkien
23,Return of The King,J.R.R Tolkien
23,Return of The King,J.R.R Tolkien
23,Return of The King,J.R.R Tolkien
23,Return of The King,J.R.R Tolkien
23,Return of The King,J.R.R Tolkien
23,Return of The King,J.R.R Tolkien
23,Return of The King,J.R.R Tolkien
23,Return of The King,J.R.R Tolkien
23,Return of The King,J.R.R Tolkien
23,Return of The King,J.R.R Tolkien
23,Return of The King,J.R.R Tolkien
23,Return of The King,J.R.R Tolkien
23,Return of The King,J.R.R Tolkien
23,Return of The King,J.R.R Tolkien
23,Return of The King,J.R.R Tolkien
23,Return of The King,J.R.R Tolkien
23,Return of The King,J.R.R Tolkien
23,Return of The King,J.R.R Tolkien
23,Return of The King,J.R.R Tolkien
23,Return of The King,J.R.R Tolkien
23,Return of The King,J.R.R Tolkien
23,Return of The King,J.R.R Tolkien
23,Return of The King,J.R.R Tolkien
23,Return of The King,J.R.R Tolkien
23,Return of The King,J.R.R Tolkien
23,Return of The King,J.R.R Tolkien
23,Return of The King,J.R.R Tolkien
23,Return of The King,J.R.R Tolkien
23,Return of The King,J.R.R Tolkien
23,Return of The King,J.R.R Tolkien
23,Return of The King,J.R.R Tolkien
23,Return of The King,J.R.R Tolkien
23,Return of The King,J.R.R Tolkien
23,Return of The King,J.R.R Tolkien
23,Return of The King,J.R.R Tolkien
23,Return of The King,J.R.R Tolkien
23,Return of The King,J.R.R Tolkien
23,Return of The King,J.R.R Tolkien
23,Return of The King,J.R.R Tolkien
23,Return of The King,J.R.R Tolkien
23,Return of The King,J.R.R Tolkien
23,Return of The King,J.R.R Tolkien
23,Return of The King,J.R.R Tolkien
23,Return of The King,J.R.R Tolkien
23,Return of The King,J.R.R Tolkien
23,Return of The King,J.R.R Tolkien
23,Return of The King,J.R.R Tolkien
23,Return of The King,J.R.R Tolkien
23,Return of The King,J.R.R Tolkien
23,Return of The King,J.R.R Tolkien
23,Return of The King,J.R.R Tolkien
23,Return of The King,J.R.R Tolkien
23,Return of The King,J.R.R Tolkien
23,Return of The King,J.R.R Tolkien
23,Return of The King,J.R.R Tolkien
23,Return of The King,J.R.R Tolkien
23,Return of The King,J.R.R Tolkien
23,Return of The King,J.R.R Tolkien
23,Return of The King,J.R.R Tolkien
23,Return of The King,J.R.R Tolkien
23,Return of The King,J.R.R Tolkien
23,Return of The King,J.R.R Tolkien
23,Return of The King,J.R.R Tolkien
23,Return of The King,J.R.R Tolkien
23,Return of The King,J.R.R Tolkien
23,Return of The King,J.R.R Tolkien
23,Return of The King,J.R.R Tolkien
23,Return of The King,J.R.R Tolkien
23,Return of The King,J.R.R Tolkien
23,Return of The King,J.R.R Tolkien
23,Return of The King,J.R.R Tolkien
23,Return of The King,J.R.R Tolkien
23,Return of The King,J.R.R Tolkien
23,Return of The King,J.R.R Tolkien
23,Return of The King,J.R.R Tolkien
23,Return of The King,J.R.R Tolkien
23,Return of The King,J.R.R Tolkien
23,Return of The King,J.R.R Tolkien
23,Return of The King,J.R.R Tolkien
23,Return of The King,J.R.R Tolkien
23,Return of The King,J.R.R Tolkien
23,Return of The King,J.R.R Tolkien
23,Return of The King,J.R.R Tolkien
23,Return of The King,J.R.R Tolkien
23,Return of The King,J.R.R Tolkien
23,Return of The King,J.R.R Tolkien
23,Return of The King,J.R.R Tolkien
23,Return of The King,J.R.R Tolkien
23,Return of The King,J.R.R Tolkien
23,Return of The King,J.R.R Tolkien
23,Return of The King,J.R.R Tolkien
23,Return of The King,J.R.R Tolkien
23,Return of The King,J.R.R Tolkien
23,Return of The King,J.R.R Tolkien
23,Return of The King,J.R.R Tolkien
23,Return of The King,J.R.R Tolkien
23,Return of The King,J.R.R Tolkien
23,Return of The King,J.R.R Tolkien
23,Return of The King,J.R.R Tolkien
23,Return of The King,J.R.R Tolkien
23,Return of The King,J.R.R Tolkien
23,Return of The King,J.R.R Tolkien
23,Return of The King,J.R.R Tolkien
23,Return of The King,J.R.R Tolkien
23,Return of The King,J.R.R Tolkien
23,Return of The King,J.R.R Tolkien
23,Return of The King,J.R.R Tolkien
23,Return of The King,J.R.R Tolkien
23,Return of The King,J.R.R Tolkien
23,Return of The King,J.R.R Tolkien
23,Return of The King,J.R.R Tolkien
23,Return of The King,J.R.R Tolkien
23,Return of The King,J.R.R Tolkien
23,Return of The King,J.R.R Tolkien
23,Return of The King,J.R.R Tolkien
23,Return of The King,J.R.R Tolkien
23,Return of The King,J.R.R Tolkien
23,Return of The King,J.R.R Tolkien
23,Return of The King,J.R.R Tolkien
23,Return of The King,J.R.R Tolkien
23,Return of The King,J.R.R Tolkien
23,Return of The King,J.R.R Tolkien
23,Return of The King,J.R.R Tolkien
23,Return of The King,J.R.R Tolkien
23,Return of The King,J.R.R Tolkien
23,Return of The King,J.R.R Tolkien
23,Return of The King,J.R.R Tolkien
23,Return of The King,J.R.R Tolkien
23,Return of The King,J.R.R Tolkien
23,Return of The King,J.R.R Tolkien
23,Return of The King,J.R.R Tolkien
23,Return of The King,J.R.R Tolkien
23,Return of The King,J.R.R Tolkien
23,Return of The King,J.R.R Tolkien
23,Return of The King,J.R.R Tolkien
23,Return of The King,J.R.R Tolkien
23,Return of The King,J.R.R Tolkien
23,Return of The King,J.R.R Tolkien
23,Return of The King,J.R.R Tolkien
23,Return of The King,J.R.R Tolkien
23,Return of The King,J.R.R Tolkien
23,Return of The King,J.R.R Tolkien
23,Return of The King,J.R.R Tolkien
23,Return of The King,J.R.R Tolkien
23,Return of The King,J.R.R Tolkien
23,Return of The King,J.R.R Tolkien
23,Return of The King,J.R.R Tolkien
23,Return of The King,J.R.R Tolkien
23,Return of The King,J.R.R Tolkien
23,Return of The King,J.R.R Tolkien
23,Return of The King,J.R.R Tolkien
23,Return of The King,J.R.R Tolkien
23,Return of The King,J.R.R Tolkien
23,Return of The King,J.R.R Tolkien
23,Return of The King,J.R.R Tolkien
23,Return of The King,J.R.R Tolkien
23,Return of The King,J.R.R Tolkien
23,Return of The King,J.R.R Tolkien
23,Return of The King,J.R.R Tolkien
23,Return of The King,J.R.R Tolkien
23,Return of The King,J.R.R Tolkien
23,Return of The King,J.R.R Tolkien
23,Return of The King,J.R.R Tolkien
23,Return of The King,J.R.R Tolkien
23,Return of The King,J.R.R Tolkien
23,Return of The King,J.R.R Tolkien
23,Return of The King,J.R.R Tolkien
23,Return of The King,J.R.R Tolkien
23,Return of The King,J.R.R Tolkien
23,Return of The King,J.R.R Tolkien
23,Return of The King,J.R.R Tolkien
23,Return of The King,J.R.R Tolkien
23,Return of The King,J.R.R Tolkien
23,Return of The King,J.R.R Tolkien
23,Return of The King,J.R.R Tolkien
23,Return of The King,J.R.R Tolkien
23,Return of The King,J.R.R Tolkien
23,Return of The King,J.R.R Tolkien
23,Return of The King,J.R.R Tolkien
23,Return of The King,J.R.R Tolkien
23,Return of The King,J.R.R Tolkien
23,Return of The King,J.R.R Tolkien
23,Return of The King,J.R.R Tolkien
23,Return of The King,J.R.R Tolkien
23,Return of The King,J.R.R Tolkien
23,Return of The King,J.R.R Tolkien
23,Return of The King,J.R.R Tolkien
23,Return of The King,J.R.R Tolkien
23,Return of The King,J.R.R Tolkien
23,Return of The King,J.R.R Tolkien
23,Return of The King,J.R.R Tolkien
23,Return of The King,J.R.R Tolkien
23,Return of The King,J.R.R Tolkien
23,Return of The King,J.R.R Tolkien
23,Return of The King,J.R.R Tolkien
23,Return of The King,J.R.R Tolkien
23,Return of The King,J.R.R Tolkien
23,Return of The King,J.R.R Tolkien
23,Return of The King,J.R.R Tolkien
23,Return of The King,J.R.R Tolkien
23,Return of The King,J.R.R Tolkien
23,Return of The King,J.R.R Tolkien
23,Return of The King,J.R.R Tolkien
23,Return of The King,J.R.R Tolkien
23,Return of The King,J.R.R Tolkien
23,Return of The King,J.R.R Tolkien
23,Return of The King,J.R.R Tolkien
23,Return of The King,J.R.R Tolkien
23,Return of The King,J.R.R Tolkien
23,Return of The King,J.R.R Tolkien
23,Return of The King,J.R.R Tolkien
23,Return of The King,J.R.R Tolkien
23,Return of The King,J.R.R Tolkien
23,Return of The King,J.R.R Tolkien
23,Return of The King,J.R.R Tolkien
23,Return of The King,J.R.R Tolkien
23,Return of The King,J.R.R Tolkien
23,Return of The King,J.R.R Tolkien
23,Return of The King,J.R.R Tolkien
23,Return of The King,J.R.R Tolkien
23,Return of The King,J.R.R Tolkien
23,Return of The King,J.R.R Tolkien
23,Return of The King,J.R.R Tolkien
23,Return of The King,J.R.R Tolkien
23,Return of The King,J.R.R Tolkien
23,Return of The King,J.R.R Tolkien
23,Return of The King,J.R.R Tolkien
23,Return of The King,J.R.R Tolkien
23,Return of The King,J.R.R Tolkien
23,Return of The King,J.R.R Tolkien
23,Return of The King,J.R.R Tolkien
23,Return of The King,J.R.R Tolkien
23,Return of The King,J.R.R Tolkien
23,Return of The King,J.R.R Tolkien
23,Return of The King,J.R.R Tolkien
23,Return of The King,J.R.R Tolkien
23,Return of The King,J.R.R Tolkien
23,Return of The King,J.R.R Tolkien
23,Return of The King,J.R.R Tolkien
23,Return of The King,J.R.R Tolkien
23,Return of The King,J.R.R Tolkien
23,Return of The King,J.R.R Tolkien
23,Return of The King,J.R.R Tolkien
23,Return of The King,J.R.R Tolkien
23,Return of The King,J.R.R Tolkien
23,Return of The King,J.R.R Tolkien
23,Return of The King,J.R.R Tolkien
23,Return of The King,J.R.R Tolkien
23,Return of The King,J.R.R Tolkien
23,Return of The King,J.R.R Tolkien
23,Return of The King,J.R.R Tolkien
23,Return of The King,J.R.R Tolkien
23,Return of The King,J.R.R Tolkien
23,Return of The King,J.R.R Tolkien
23,Return of The King,J.R.R Tolkien
23,Return of The King,J.R.R Tolkien
23,Return of The King,J.R.R Tolkien
23,Return of The King,J.R.R Tolkien
23,Return of The King,J.R.R Tolkien
23,Return of The King,J.R.R Tolkien
23,Return of The King,J.R.R Tolkien
23,Return of The King,J.R.R Tolkien
23,Return of The King,J.R.R Tolkien
23,Return of The King,J.R.R Tolkien
23,Return of The King,J.R.R Tolkien
23,Return of The King,J.R.R Tolkien
23,Return of The King,J.R.R Tolkien
23,Return of The King,J.R.R Tolkien
23,Return of The King,J.R.R Tolkien
23,Return of The King,J.R.R Tolkien
23,Return of The King,J.R.R Tolkien
23,Return of The King,J.R.R Tolkien
23,Return of The King,J.R.R Tolkien
23,Return of The King,J.R.R Tolkien
23,Return of The King,J.R.R Tolkien
23,Return of The King,J.R.R Tolkien
23,Return of The King,J.R.R Tolkien
23,Return of The King,J.R.R Tolkien
23,Return of The King,J.R.R Tolkien
23,Return of The King,J.R.R Tolkien
23,Return of The King,J.R.R Tolkien
23,Return of The King,J.R.R Tolkien
23,Return of The King,J.R.R Tolkien
23,Return of The King,J.R.R Tolkien
23,Return of The King,J.R.R Tolkien
23,Return of The King,J.R.R Tolkien
23,Return of The King,J.R.R Tolkien
23,Return of The King,J.R.R Tolkien
23,Return of The King,J.R.R Tolkien
23,Return of The King,J.R.R Tolkien
23,Return of The King,J.R.R Tolkien
23,Return of The King,J.R.R Tolkien
23,Return of The King,J.R.R Tolkien
23,Return of The King,J.R.R Tolkien
23,Return of The King,J.R.R Tolkien
23,Return of The King,J.R.R Tolkien
23,Return of The King,J.R.R Tolkien
23,Return of The King,J.R.R Tolkien
23,Return of The King,J.R.R Tolkien
23,Return of The King,J.R.R Tolkien
23,Return of The King,J.R.R Tolkien
23,Return of The King,J.R.R Tolkien
23,Return of The King,J.R.R Tolkien
23,Return of The King,J.R.R Tolkien
23,Return of The King,J.R.R Tolkien
23,Return of The King,J.R.R Tolkien
23,Return of The King,J.R.R Tolkien
23,Return of The King,J.R.R Tolkien
23,Return of The King,J.R.R Tolkien
23,Return of The King,J.R.R Tolkien
23,Return of The King,J.R.R Tolkien
23,Return of The King,J.R.R Tolkien
23,Return of The King,J.R.R Tolkien
23,Return of The King,J.R.R Tolkien
23,Return of The King,J.R.R Tolkien
23,Return of The King,J.R.R Tolkien
23,Return of The King,J.R.R Tolkien
23,Return of The King,J.R.R Tolkien
23,Return of The King,J.R.R Tolkien
23,Return of The King,J.R.R Tolkien
23,Return of The King,J.R.R Tolkien
23,Return of The King,J.R.R Tolkien
23,Return of The King,J.R.R Tolkien
23,Return of The King,J.R.R Tolkien
23,Return of The King,J.R.R Tolkien
23,Return of The King,J.R.R Tolkien
23,Return of The King,J.R.R Tolkien
23,Return of The King,J.R.R Tolkien
23,Return of The King,J.R.R Tolkien
23,Return of The King,J.R.R Tolkien
23,Return of The King,J.R.R Tolkien
23,Return of The King,J.R.R Tolkien
23,Return of The King,J.R.R Tolkien
23,Return of The King,J.R.R Tolkien
23,Return of The King,J.R.R Tolkien
23,Return of The King,J.R.R Tolkien
23,Return of The King,J.R.R Tolkien
23,Return of The King,J.R.R Tolkien
23,Return of The King,J.R.R Tolkien
23,Return of The King,J.R.R Tolkien
23,Return of The King,J.R.R Tolkien
23,Return of The King,J.R.R Tolkien
23,Return of The King,J.R.R Tolkien
23,Return of The King,J.R.R Tolkien
23,Return of The King,J.R.R Tolkien
23,Return of The King,J.R.R Tolkien
23,Return of The King,J.R.R Tolkien
23,Return of The King,J.R.R Tolkien
23,Return of The King,J.R.R Tolkien
23,Return of The King,J.R.R Tolkien
23,Return of The King,J.R.R Tolkien
23,Return of The King,J.R.R Tolkien
23,Return of The King,J.R.R Tolkien
23,Return of The King,J.R.R Tolkien
23,Return of The King,J.R.R Tolkien
23,Return of The King,J.R.R Tolkien
23,Return of The King,J.R.R Tolkien
23,Return of The King,J.R.R Tolkien
23,Return of The King,J.R.R Tolkien
23,Return of The King,J.R.R Tolkien
23,Return of The King,J.R.R Tolkien
23,Return of The King,J.R.R Tolkien
23,Return of The King,J.R.R Tolkien
23,Return of The King,J.R.R Tolkien
23,Return of The King,J.R.R Tolkien
23,Return of The King,J.R.R Tolkien
23,Return of The King,J.R.R Tolkien
23,Return of The King,J.R.R Tolkien
23,Return of The King,J.R.R Tolkien
23,Return of The King,J.R.R Tolkien
23,Return of The King,J.R.R Tolkien
23,Return of The King,J.R.R Tolkien
23,Return of The King,J.R.R Tolkien
23,Return of The King,J.R.R Tolkien
23,Return of The King,J.R.R Tolkien
23,Return of The King,J.R.R Tolkien
23,Return of The King,J.R.R Tolkien
23,Return of The King,J.R.R Tolkien
23,Return of The King,J.R.R Tolkien
23,Return of The King,J.R.R Tolkien
23,Return of The King,J.R.R Tolkien
23,Return of The King,J.R.R Tolkien
23,Return of The King,J.R.R Tolkien
23,Return of The King,J.R.R Tolkien
23,Return of The King,J.R.R Tolkien
23,Return of The King,J.R.R Tolkien
23,Return of The King,J.R.R Tolkien
23,Return of The King,J.R.R Tolkien
23,Return of The King,J.R.R Tolkien
23,Return of The King,J.R.R Tolkien
23,Return of The King,J.R.R Tolkien
23,Return of The King,J.R.R Tolkien
23,Return of The King,J.R.R Tolkien
23,Return of The King,J.R.R Tolkien
23,Return of The King,J.R.R Tolkien
23,Return of The King,J.R.R Tolkien
23,Return of The King,J.R.R Tolkien
23,Return of The King,J.R.R Tolkien
23,Return of The King,J.R.R Tolkien
23,Return of The King,J.R.R Tolkien
23,Return of The King,J.R.R Tolkien
23,Return of The King,J.R.R Tolkien
23,Return of The King,J.R.R Tolkien
23,Return of The King,J.R.R Tolkien
23,Return of The King,J.R.R Tolkien
23,Return of The King,J.R.R Tolkien
23,Return of The King,J.R.R Tolkien
23,Return of The King,J.R.R Tolkien
23,Return of The King,J.R.R Tolkien
23,Return of The King,J.R.R Tolkien
23,Return of The King,J.R.R Tolkien
23,Return of The King,J.R.R Tolkien
23,Return of The King,J.R.R Tolkien
23,Return of The King,J.R.R Tolkien
23,Return of The King,J.R.R Tolkien
23,Return of The King,J.R.R Tolkien
23,Return of The King,J.R.R Tolkien
23,Return of The King,J.R.R Tolkien
23,Return of The King,J.R.R Tolkien
23,Return of The King,J.R.R Tolkien
23,Return of The King,J.R.R Tolkien
23,Return of The King,J.R.R Tolkien
23,Return of The King,J.R.R Tolkien
23,Return of The King,J.R.R Tolkien
23,Return of The King,J.R.R Tolkien
23,Return of The King,J.R.R Tolkien
23,Return of The King,J.R.R Tolkien
23,Return of The King,J.R.R Tolkien
23,Return of The King,J.R.R Tolkien
23,Return of The King,J.R.R Tolkien
23,Return of The King,J.R.R Tolkien
23,Return of The King,J.R.R Tolkien
23,Return of The King,J.R.R Tolkien
23,Return of The King,J.R.R Tolkien
23,Return of The King,J.R.R Tolkien
23,Return of The King,J.R.R Tolkien
23,Return of The King,J.R.R Tolkien
23,Return of The King,J.R.R Tolkien
23,Return of The King,J.R.R Tolkien
23,Return of The King,J.R.R Tolkien
23,Return of The King,J.R.R Tolkien
23,Return of The King,J.R.R Tolkien
23,Return of The King,J.R.R Tolkien
23,Return of The King,J.R.R Tolkien
23,Return of The King,J.R.R Tolkien
23,Return of The King,J.R.R Tolkien
23,Return of The King,J.R.R Tolkien
23,Return of The King,J.R.R Tolkien
23,Return of The King,J.R.R Tolkien
23,Return of The King,J.R.R Tolkien
23,Return of The King,J.R.R Tolkien
23,Return of The King,J.R.R Tolkien
23,Return of The King,J.R.R Tolkien
23,Return of The King,J.R.R Tolkien
23,Return of The King,J.R.R Tolkien
23,Return of The King,J.R.R Tolkien
23,Return of The King,J.R.R Tolkien
23,Return of The King,J.R.R Tolkien
23,Return of The King,J.R.R Tolkien
23,Return of The King,J.R.R Tolkien
23,Return of The King,J.R.R Tolkien
23,Return of The King,J.R.R Tolkien
23,Return of The King,J.R.R Tolkien
23,Return of The King,J.R.R Tolkien
23,Return of The King,J.R.R Tolkien
23,Return of The King,J.R.R Tolkien
23,Return of The King,J.R.R Tolkien
23,Return of The King,J.R.R Tolkien
23,Return of The King,J.R.R Tolkien
23,Return of The King,J.R.R Tolkien
23,Return of The King,J.R.R Tolkien
23,Return of The King,J.R.R Tolkien
23,Return of The King,J.R.R Tolkien
23,Return of The King,J.R.R Tolkien
23,Return of The King,J.R.R Tolkien
23,Return of The King,J.R.R Tolkien
23,Return of The King,J.R.R Tolkien
23,Return of The King,J.R.R Tolkien
23,Return of The King,J.R.R Tolkien
23,Return of The King,J.R.R Tolkien
23,Return of The King,J.R.R Tolkien
23,Return of The King,J.R.R Tolkien
23,Return of The King,J.R.R Tolkien
23,Return of The King,J.R.R Tolkien
23,Return of The King,J.R.R Tolkien
23,Return of The King,J.R.R Tolkien
23,Return of The King,J.R.R Tolkien
23,Return of The King,J.R.R Tolkien
23,Return of The King,J.R.R Tolkien
23,Return of The King,J.R.R Tolkien
23,Return of The King,J.R.R Tolkien
23,Return of The King,J.R.R Tolkien
23,Return of The King,J.R.R Tolkien
23,Return of The King,J.R.R Tolkien
23,Return of The King,J.R.R Tolkien
23,Return of The King,J.R.R Tolkien
23,Return of The King,J.R.R Tolkien
23,Return of The King,J.R.R Tolkien
23,Return of The King,J.R.R Tolkien
23,Return of The King,J.R.R Tolkien
23,Return of The King,J.R.R Tolkien
23,Return of The King,J.R.R Tolkien
23,Return of The King,J.R.R Tolkien
23,Return of The King,J.R.R Tolkien
23,Return of The King,J.R.R Tolkien
23,Return of The King,J.R.R Tolkien
23,Return of The King,J.R.R Tolkien
23,Return of The King,J.R.R Tolkien
23,Return of The King,J.R.R Tolkien
23,Return of The King,J.R.R Tolkien
23,Return of The King,J.R.R Tolkien
23,Return of The King,J.R.R Tolkien
23,Return of The King,J.R.R Tolkien
23,Return of The King,J.R.R Tolkien
23,Return of The King,J.R.R Tolkien
23,Return of The King,J.R.R Tolkien
23,Return of The King,J.R.R Tolkien
23,Return of The King,J.R.R Tolkien
23,Return of The King,J.R.R Tolkien
23,Return of The King,J.R.R Tolkien
23,Return of The King,J.R.R Tolkien
23,Return of The King,J.R.R Tolkien
23,Return of The King,J.R.R Tolkien
23,Return of The King,J.R.R Tolkien
23,Return of The King,J.R.R Tolkien
23,Return of The King,J.R.R Tolkien
23,Return of The King,J.R.R Tolkien
23,Return of The King,J.R.R Tolkien
23,Return of The King,J.R.R Tolkien
23,Return of The King,J.R.R Tolkien
23,Return of The King,J.R.R Tolkien
23,Return of The King,J.R.R Tolkien
23,Return of The King,J.R.R Tolkien
23,Return of The King,J.R.R Tolkien
23,Return of The King,J.R.R Tolkien
23,Return of The King,J.R.R Tolkien
23,Return of The King,J.R.R Tolkien
23,Return of The King,J.R.R Tolkien
23,Return of The King,J.R.R Tolkien
23,Return of The King,J.R.R Tolkien
23,Return of The King,J.R.R Tolkien
23,Return of The King,J.R.R Tolkien
23,Return of The King,J.R.R Tolkien
23,Return of The King,J.R.R Tolkien
23,Return of The King,J.R.R Tolkien
23,Return of The King,J.R.R Tolkien
23,Return of The King,J.R.R Tolkien
23,Return of The King,J.R.R Tolkien
23,Return of The King,J.R.R Tolkien
23,Return of The King,J.R.R Tolkien
23,Return of The King,J.R.R Tolkien
23,Return of The King,J.R.R Tolkien
23,Return of The King,J.R.R Tolkien
23,Return of The King,J.R.R Tolkien
23,Return of The King,J.R.R Tolkien
23,Return of The King,J.R.R Tolkien
23,Return of The King,J.R.R Tolkien
23,Return of The King,J.R.R Tolkien
23,Return of The King,J.R.R Tolkien
23,Return of The King,J.R.R Tolkien
23,Return of The King,J.R.R Tolkien
23,Return of The King,J.R.R Tolkien
23,Return of The King,J.R.R Tolkien
23,Return of The King,J.R.R Tolkien
23,Return of The King,J.R.R Tolkien
23,Return of The King,J.R.R Tolkien
23,Return of The King,J.R.R Tolkien
23,Return of The King,J.R.R Tolkien
23,Return of The King,J.R.R Tolkien
23,Return of The King,J.R.R Tolkien
23,Return of The King,J.R.R Tolkien
23,Return of The King,J.R.R Tolkien
23,Return of The King,J.R.R Tolkien
23,Return of The King,J.R.R Tolkien
23,Return of The King,J.R.R Tolkien
23,Return of The King,J.R.R Tolkien
23,Return of The King,J.R.R Tolkien
23,Return of The King,J.R.R Tolkien
23,Return of The King,J.R.R Tolkien
23,Return of The King,J.R.R Tolkien
23,Return of The King,J.R.R Tolkien
23,Return of The King,J.R.R Tolkien
23,Return of The King,J.R.R Tolkien
23,Return of The King,J.R.R Tolkien
23,Return of The King,J.R.R Tolkien
23,Return of The King,J.R.R Tolkien
23,Return of The King,J.R.R Tolkien
23,Return of The King,J.R.R Tolkien
23,Return of The King,J.R.R Tolkien
23,Return of The King,J.R.R Tolkien
23,Return of The King,J.R.R Tolkien
23,Return of The King,J.R.R Tolkien
23,Return of The King,J.R.R Tolkien
23,Return of The King,J.R.R Tolkien
23,Return of The King,J.R.R Tolkien
23,Return of The King,J.R.R Tolkien
23,Return of The King,J.R.R Tolkien
23,Return of The King,J.R.R Tolkien
23,Return of The King,J.R.R Tolkien
23,Return of The King,J.R.R Tolkien
23,Return of The King,J.R.R Tolkien
23,Return of The King,J.R.R Tolkien
23,Return of The King,J.R.R Tolkien
23,Return of The King,J.R.R Tolkien
23,Return of The King,J.R.R Tolkien
23,Return of The King,J.R.R Tolkien
23,Return of The King,J.R.R Tolkien
23,Return of The King,J.R.R Tolkien
23,Return of The King,J.R.R Tolkien
23,Return of The King,J.R.R Tolkien
23,Return of The King,J.R.R Tolkien
23,Return of The King,J.R.R Tolkien
23,Return of The King,J.R.R Tolkien
23,Return of The King,J.R.R Tolkien
23,Return of The King,J.R.R Tolkien
23,Return of The King,J.R.R Tolkien
23,Return of The King,J.R.R Tolkien
23,Return of The King,J.R.R Tolkien
23,Return of The King,J.R.R Tolkien
23,Return of The King,J.R.R Tolkien
23,Return of The King,J.R.R Tolkien
23,Return of The King,J.R.R Tolkien
23,Return of The King,J.R.R Tolkien
23,Return of The King,J.R.R Tolkien
23,Return of The King,J.R.R Tolkien
23,Return of The King,J.R.R Tolkien
23,Return of The King,J.R.R Tolkien
23,Return of The King,J.R.R Tolkien
23,Return of The King,J.R.R Tolkien
23,Return of The King,J.R.R Tolkien
23,Return of The King,J.R.R Tolkien
23,Return of The King,J.R.R Tolkien
23,Return of The King,J.R.R Tolkien
23,Return of The King,J.R.R Tolkien
23,Return of The King,J.R.R Tolkien
23,Return of The King,J.R.R Tolkien
23,Return of The King,J.R.R Tolkien
23,Return of The King,J.R.R Tolkien
23,Return of The King,J.R.R Tolkien
23,Return of The King,J.R.R Tolkien
23,Return of The King,J.R.R Tolkien
23,Return of The King,J.R.R Tolkien
23,Return of The King,J.R.R Tolkien
23,Return of The King,J.R.R Tolkien
23,Return of The King,J.R.R Tolkien
23,Return of The King,J.R.R Tolkien
23,Return of The King,J.R.R Tolkien
23,Return of The King,J.R.R Tolkien
23,Return of The King,J.R.R Tolkien
23,Return of The King,J.R.R Tolkien
23,Return of The King,J.R.R Tolkien
23,Return of The King,J.R.R Tolkien
23,Return of The King,J.R.R Tolkien
23,Return of The King,J.R.R Tolkien
23,Return of The King,J.R.R Tolkien
23,Return of The King,J.R.R Tolkien
23,Return of The King,J.R.R Tolkien
23,Return of The King,J.R.R Tolkien
23,Return of The King,J.R.R Tolkien
23,Return of The King,J.R.R Tolkien
23,Return of The King,J.R.R Tolkien
23,Return of The King,J.R.R Tolkien
23,Return of The King,J.R.R Tolkien
23,Return of The King,J.R.R Tolkien
23,Return of The King,J.R.R Tolkien
23,Return of The King,J.R.R Tolkien
23,Return of The King,J.R.R Tolkien
23,Return of The King,J.R.R Tolkien
23,Return of The King,J.R.R Tolkien
23,Return of The King,J.R.R Tolkien
23,Return of The King,J.R.R Tolkien
23,Return of The King,J.R.R Tolkien
23,Return of The King,J.R.R Tolkien
23,Return of The King,J.R.R Tolkien
23,Return of The King,J.R.R Tolkien
23,Return of The King,J.R.R Tolkien
23,Return of The King,J.R.R Tolkien
23,Return of The King,J.R.R Tolkien
23,Return of The King,J.R.R Tolkien
23,Return of The King,J.R.R Tolkien
23,Return of The King,J.R.R Tolkien
23,Return of The King,J.R.R Tolkien
23,Return of The King,J.R.R Tolkien
23,Return of The King,J.R.R Tolkien
23,Return of The King,J.R.R Tolkien
23,Return of The King,J.R.R Tolkien
23,Return of The King,J.R.R Tolkien
23,Return of The King,J.R.R Tolkien
23,Return of The King,J.R.R Tolkien
23,Return of The King,J.R.R Tolkien
23,Return of The King,J.R.R Tolkien
23,Return of The King,J.R.R Tolkien
23,Return of The King,J.R.R Tolkien
23,Return of The King,J.R.R Tolkien
23,Return of The King,J.R.R Tolkien
23,Return of The King,J.R.R Tolkien
23,Return of The King,J.R.R Tolkien
23,Return of The King,J.R.R Tolkien
23,Return of The King,J.R.R Tolkien
23,Return of The King,J.R.R Tolkien
23,Return of The King,J.R.R Tolkien
23,Return of The King,J.R.R Tolkien
23,Return of The King,J.R.R Tolkien
23,Return of The King,J.R.R Tolkien
23,Return of The King,J.R.R Tolkien
23,Return of The King,J.R.R Tolkien
23,Return of The King,J.R.R Tolkien
23,Return of The King,J.R.R Tolkien
23,Return of The King,J.R.R Tolkien
23,Return of The King,J.R.R Tolkien
23,Return of The King,J.R.R Tolkien
23,Return of The King,J.R.R Tolkien
23,Return of The King,J.R.R Tolkien
23,Return of The King,J.R.R Tolkien
23,Return of The King,J.R.R Tolkien
23,Return of The King,J.R.R Tolkien
23,Return of The King,J.R.R Tolkien
23,Return of The King,J.R.R Tolkien
23,Return of The King,J.R.R Tolkien
23,Return of The King,J.R.R Tolkien
23,Return of The King,J.R.R Tolkien
23,Return of The King,J.R.R Tolkien
23,Return of The King,J.R.R Tolkien
23,Return of The King,J.R.R Tolkien
23,Return of The King,J.R.R Tolkien
23,Return of The King,J.R.R Tolkien
23,Return of The King,J.R.R Tolkien
23,Return of The King,J.R.R Tolkien
23,Return of The King,J.R.R Tolkien
23,Return of The King,J.R.R Tolkien
23,Return of The King,J.R.R Tolkien
23,Return of The King,J.R.R Tolkien
23,Return of The King,J.R.R Tolkien
23,Return of The King,J.R.R Tolkien
23,Return of The King,J.R.R Tolkien
23,Return of The King,J.R.R Tolkien
23,Return of The King,J.R.R Tolkien
23,Return of The King,J.R.R Tolkien
23,Return of The King,J.R.R Tolkien
23,Return of The King,J.R.R Tolkien
23,Return of The King,J.R.R Tolkien
23,Return of The King,J.R.R Tolkien
23,Return of The King,J.R.R Tolkien
23,Return of The King,J.R.R Tolkien
23,Return of The King,J.R.R Tolkien
23,Return of The King,J.R.R Tolkien
23,Return of The King,J.R.R Tolkien
23,Return of The King,J.R.R Tolkien
23,Return of The King,J.R.R Tolkien
23,Return of The King,J.R.R Tolkien
23,Return of The King,J.R.R Tolkien
23,Return of The King,J.R.R Tolkien
23,Return of The King,J.R.R Tolkien
23,Return of The King,J.R.R Tolkien
23,Return of The King,J.R.R Tolkien
23,Return of The King,J.R.R Tolkien
23,Return of The King,J.R.R Tolkien
23,Return of The King,J.R.R Tolkien
23,Return of The King,J.R.R Tolkien
23,Return of The King,J.R.R Tolkien
23,Return of The King,J.R.R Tolkien
23,Return of The King,J.R.R Tolkien
23,Return of The King,J.R.R Tolkien
23,Return of The King,J.R.R Tolkien
23,Return of The King,J.R.R Tolkien
23,Return of The King,J.R.R Tolkien
23,Return of The King,J.R.R Tolkien
23,Return of The King,J.R.R Tolkien
23,Return of The King,J.R.R Tolkien
23,Return of The King,J.R.R Tolkien
23,Return of The King,J.R.R Tolkien
23,Return of The King,J.R.R Tolkien
23,Return of The King,J.R.R Tolkien
23,Return of The King,J.R.R Tolkien
23,Return of The King,J.R.R Tolkien
23,Return of The King,J.R.R Tolkien
23,Return of The King,J.R.R Tolkien
23,Return of The King,J.R.R Tolkien
23,Return of The King,J.R.R Tolkien
23,Return of The King,J.R.R Tolkien
23,Return of The King,J.R.R Tolkien
23,Return of The King,J.R.R Tolkien
23,Return of The King,J.R.R Tolkien
23,Return of The King,J.R.R Tolkien
23,Return of The King,J.R.R Tolkien
23,Return of The King,J.R.R Tolkien
